{
    "selection_metric": "roc_auc",
    "best_model": {
        "model": "Logistic Regression",
        "accuracy": 0.8617886178861789,
        "precision": 0.84,
        "recall": 0.9882352941176471,
        "f1": 0.9081081081081082,
        "roc_auc": 0.8523219814241486
    },
    "all_models": [
        {
            "model": "Logistic Regression",
            "accuracy": 0.8617886178861789,
            "precision": 0.84,
            "recall": 0.9882352941176471,
            "f1": 0.9081081081081082,
            "roc_auc": 0.8523219814241486
        },
        {
            "model": "Random Forest",
            "accuracy": 0.8048780487804879,
            "precision": 0.8505747126436781,
            "recall": 0.8705882352941177,
            "f1": 0.8604651162790697,
            "roc_auc": 0.7781733746130031
        },
        {
            "model": "XGBoost",
            "accuracy": 0.8373983739837398,
            "precision": 0.8421052631578947,
            "recall": 0.9411764705882353,
            "f1": 0.8888888888888888,
            "roc_auc": 0.7712074303405573
        }
    ]
}